<?xml version="1.0" encoding="utf-8" standalone="no"?>
<qnx xmlns="http://www.qnx.com/schemas/application/1.0">

<!-- BlackBerry Tablet OS application descriptor file.

    Specifies parameters for identifying, installing, and launching native applications on BlackBerry Tablet OS.

-->

    <!-- A universally unique application identifier. Must be unique across all BlackBerry Tablet OS applications.
         Using a reverse DNS-style name as the id is recommended. (Eg. com.example.ExampleApplication.) Required. -->
    <id>com.example.TIpb</id>

    <!-- The name that is displayed in the BlackBerry Tablet OS application installer. 
         May have multiple values for each language. See samples or xsd schema file. Optional. -->
    <name>AlmostTI-pb</name>
    
    <!-- A string value of the format <0-999>.<0-999>.<0-999> that represents application version which can be used to check for application upgrade. 
         Values can also be 1-part or 2-part. It is not necessary to have a 3-part value.
         An updated version of application must have a versionNumber value higher than the previous version. Required. -->
    <versionNumber>1.0.0</versionNumber>

    <!-- Fourth digit segment of the package version. First three segments are taken from the 
         <versionNumber> element.  Must be an integer from 0 to 2^16-1 -->
    <buildId>2</buildId>
                 
    <!-- A string value (such as "v1", "2.5", or "Alpha 1") that represents the version of the application, as it should be shown to users. Optional. -->
    <!-- <versionLabel></versionLabel> -->

    <!-- Description, displayed in the BlackBerry Tablet OS application installer.
         May have multiple values for each language. See samples or xsd schema file. Optional. -->

    <!-- Copyright information. Optional. -->
    <!-- <copyright></copyright> -->

    <!--  Name of author which is used for signing. Must match the developer name of your development certificate. -->
    <author>Travis Redpath</author>
    <authorId>gYAAgLo66qdtMcSl7Gcx45McYxc</authorId>
    <splashscreen>splash_landscape.jpg:splash_portrait.jpg</splashscreen>
    <icon>
       <image>icon.png</image>
    </icon>
    <description>A TI calculator emulator.</description>
    
    <!--  Unique author ID assigned by signing authority. Required if using debug tokens. -->
    <!-- <authorId>ABC1234YjsnUk235h</authorId> -->
   
    <initialWindow>
        <aspectRatio>portrait</aspectRatio>
        <autoOrients>false</autoOrients>
        <systemChrome>none</systemChrome>
        <transparent>false</transparent>
    </initialWindow>
    
    <!--  The category where the application appears. Either core.games or core.media. -->
    <category>core.games</category>
    <asset path="Backdrops">Backdrops</asset>
    <asset path="icon.png">icon.png</asset>
    <asset path="splash_portrait.jpg">splash_portrait.jpg</asset>
    <asset path="splash_landscape.jpg">splash_landscape.jpg</asset>
    <configuration id="com.qnx.qcc.configuration.exe.debug.1787348295" name="Device-Debug">
       <platformArchitecture>armle-v7</platformArchitecture>
       <asset path="Device-Debug/AlmostTI-pb" entry="true" type="Qnx/Elf">AlmostTI-pb</asset>
    </configuration>
    <configuration id="com.qnx.qcc.configuration.exe.release.1989874756" name="Device-Release">
       <platformArchitecture>armle-v7</platformArchitecture>
       <asset path="Device-Release/AlmostTI-pb" entry="true" type="Qnx/Elf">AlmostTI-pb</asset>
    </configuration>
    <configuration id="com.qnx.qcc.configuration.exe.profile.404744933" name="Device-Profile">
       <platformArchitecture>armle-v7</platformArchitecture>
       <asset path="Device-Profile/AlmostTI-pb" entry="true" type="Qnx/Elf">AlmostTI-pb</asset>
    </configuration>
    <configuration id="com.qnx.qcc.configuration.exe.profile.coverage.2000318663" name="Device-Coverage">
       <platformArchitecture>armle-v7</platformArchitecture>
       <asset path="Device-Coverage/AlmostTI-pb" entry="true" type="Qnx/Elf">AlmostTI-pb</asset>
    </configuration>
    <configuration id="com.qnx.qcc.configuration.exe.debug.235180761" name="Simulator-Debug">
       <platformArchitecture>x86</platformArchitecture>
       <asset path="Simulator-Debug/AlmostTI-pb" entry="true" type="Qnx/Elf">AlmostTI-pb</asset>
    </configuration>
    <configuration id="com.qnx.qcc.configuration.exe.profile.2064802022" name="Simulator-Profile">
       <platformArchitecture>x86</platformArchitecture>
       <asset path="Simulator-Profile/AlmostTI-pb" entry="true" type="Qnx/Elf">AlmostTI-pb</asset>
    </configuration>
    <configuration id="com.qnx.qcc.configuration.exe.profile.coverage.1811929666" name="Simulator-Coverage">
       <platformArchitecture>x86</platformArchitecture>
       <asset path="Simulator-Coverage/AlmostTI-pb" entry="true" type="Qnx/Elf">AlmostTI-pb</asset>
    </configuration>
    
    <!--  The icon for the application, which should be 86x86. -->
    
    <!--  The splash screen that will appear when your application is launching. Should be 1024x600. -->
    <!-- <splashscreen></splashscreen> -->

    <!-- Request permission to execute native code.  Required for native applications. -->
    <action system="true">run_native</action>
    <action>access_shared</action>
    <action>play_audio</action>

    <!-- Ensure that shared libraries in the package are found at run-time. -->
    <env var="LD_LIBRARY_PATH" value="app/native/lib"/>
    <arg>-platform</arg>
    <arg>blackberry</arg>
    
</qnx>
